{
    "x": 5.89765739440918,
    "y": 2.3285250663757326,
    "z": 0.0
}