{
    "x": -4.954031944274902,
    "y": -1.0238277912139893,
    "z": 0.0
}