{
    "x": 5.475507736206055,
    "y": -3.8298707008361818,
    "z": 0.0
}